Title,Count of tasks_to_dwas.csv
Shampooers,5
"Graders and Sorters, Agricultural Products",6
Aircraft Cargo Handling Supervisors,6
Pile Driver Operators,7
Travel Agents,8
Insurance Underwriters,8
Histology Technicians,8
Floor Sanders and Finishers,8
Farm Labor Contractors,8
Dredge Operators,8
Athletes and Sports Competitors,8
Physicists,9
"Insurance Appraisers, Auto Damage",9
"Rock Splitters, Quarry",10
Reinforcing Iron and Rebar Workers,10
Animal Scientists,10
Team Assemblers,11
"Refractory Materials Repairers, Except Brickmasons",11
Models,11
Logging Equipment Operators,11
Floral Designers,11
Farm and Home Management Educators,11
Data Entry Keyers,11
"Ambulance Drivers and Attendants, Except Emergency Medical Technicians",11
"Title Examiners, Abstractors, and Searchers",12
Speech-Language Pathology Assistants,12
"Shipping, Receiving, and Inventory Clerks",12
Prosthodontists,12
Proofreaders and Copy Markers,12
"Pesticide Handlers, Sprayers, and Applicators, Vegetation",12
"Painting, Coating, and Decorating Workers",12
"Insulation Workers, Mechanical",12
Information Security Analysts,12
"Helpers--Painters, Paperhangers, Plasterers, and Stucco Masons",12
Geographers,12
Facilities Managers,12
Chemists,12
Water and Wastewater Treatment Plant and System Operators,13
Telemarketers,13
Tax Preparers,13
Special Effects Artists and Animators,13
Pharmacy Aides,13
Passenger Attendants,13
Paralegals and Legal Assistants,13
Orthodontists,13
Optometrists,13
Massage Therapists,13
Log Graders and Scalers,13
Industrial Truck and Tractor Operators,13
"Food Servers, Nonrestaurant",13
Food Scientists and Technologists,13
"Dispatchers, Except Police, Fire, and Ambulance",13
Credit Analysts,13
"Buyers and Purchasing Agents, Farm Products",13
Brokerage Clerks,13
Archivists,13
"Umpires, Referees, and Other Sports Officials",14
"Transportation Vehicle, Equipment and Systems Inspectors, Except Aviation",14
Subway and Streetcar Operators,14
Sound Engineering Technicians,14
Recreational Therapists,14
Political Scientists,14
Pest Control Workers,14
Personal Care Aides,14
Oral and Maxillofacial Surgeons,14
"Meter Readers, Utilities",14
"Medical Scientists, Except Epidemiologists",14
Mathematicians,14
"Laborers and Freight, Stock, and Material Movers, Hand",14
"Insulation Workers, Floor, Ceiling, and Wall",14
Government Property Inspectors and Investigators,14
Endoscopy Technicians,14
Dishwashers,14
Dancers,14
Customs and Border Protection Officers,14
Craft Artists,14
"Cooks, Private Household",14
Biological Technicians,14
Transit and Railroad Police,15
Technical Writers,15
Statistical Assistants,15
Solar Energy Systems Engineers,15
"Sewers, Hand",15
Segmental Pavers,15
"Roof Bolters, Mining",15
Riggers,15
Refuse and Recyclable Material Collectors,15
Preventive Medicine Physicians,15
Physical Medicine and Rehabilitation Physicians,15
Patient Representatives,15
Park Naturalists,15
Nuclear Monitoring Technicians,15
Media Technical Directors/Managers,15
Mechanical Drafters,15
Market Research Analysts and Marketing Specialists,15
Management Analysts,15
Locomotive Engineers,15
Locksmiths and Safe Repairers,15
Light Truck Drivers,15
Home Health Aides,15
Hoist and Winch Operators,15
Hearing Aid Specialists,15
Gambling Surveillance Officers and Gambling Investigators,15
Emergency Medical Technicians,15
Driver/Sales Workers,15
Crossing Guards and Flaggers,15
Court Reporters and Simultaneous Captioners,15
Clergy,15
Cartographers and Photogrammetrists,15
Budget Analysts,15
Aviation Inspectors,15
Audiovisual Equipment Installers and Repairers,15
Wind Turbine Service Technicians,16
Wind Energy Engineers,16
Wind Energy Development Managers,16
Tapers,16
Solar Sales Representatives and Assessors,16
School Psychologists,16
Private Detectives and Investigators,16
Power Distributors and Dispatchers,16
"Postal Service Mail Sorters, Processors, and Processing Machine Operators",16
"Packers and Packagers, Hand",16
Neuropsychologists,16
Medical Equipment Preparers,16
Materials Scientists,16
Machine Feeders and Offbearers,16
Legal Secretaries and Administrative Assistants,16
Interpreters and Translators,16
Histotechnologists,16
Historians,16
Helpers--Extraction Workers,16
Geodetic Surveyors,16
Gas Compressor and Gas Pumping Station Operators,16
Foundry Mold and Coremakers,16
Electromechanical Equipment Assemblers,16
"Door-to-Door Sales Workers, News and Street Vendors, and Related Workers",16
Customer Service Representatives,16
Crematory Operators,16
Couriers and Messengers,16
Continuous Mining Machine Operators,16
Commercial and Industrial Designers,16
Climate Change Policy Analysts,16
"Cleaning, Washing, and Metal Pickling Equipment Operators and Tenders",16
Civil Engineering Technologists and Technicians,16
Chiropractors,16
Chemical Technicians,16
Chemical Engineers,16
Butchers and Meat Cutters,16
Biofuels Production Managers,16
Bicycle Repairers,16
Avionics Technicians,16
Aerospace Engineering and Operations Technologists and Technicians,16
Actuaries,16
Wellhead Pumpers,17
Transportation Inspectors,17
Telephone Operators,17
Taxi Drivers,17
Talent Directors,17
Sustainability Specialists,17
Survey Researchers,17
Solar Energy Installation Managers,17
Signal and Track Switch Repairers,17
Remote Sensing Technicians,17
Recycling and Reclamation Workers,17
Public Relations Specialists,17
Psychiatrists,17
Postmasters and Mail Superintendents,17
"Poets, Lyricists and Creative Writers",17
Podiatrists,17
Physician Assistants,17
New Accounts Clerks,17
Motorboat Mechanics and Service Technicians,17
Microbiologists,17
Medical Transcriptionists,17
"Meat, Poultry, and Fish Cutters and Trimmers",17
"Lifeguards, Ski Patrol, and Other Recreational Protective Service Workers",17
"Layout Workers, Metal and Plastic",17
Interior Designers,17
"Helpers--Brickmasons, Blockmasons, Stonemasons, and Tile and Marble Setters",17
Gambling Change Persons and Booth Cashiers,17
"Floor Layers, Except Carpet, Wood, and Hard Tiles",17
Fire-Prevention and Protection Engineers,17
Engine and Other Machine Assemblers,17
"Eligibility Interviewers, Government Programs",17
"Electronic Equipment Installers and Repairers, Motor Vehicles",17
Economists,17
Dietetic Technicians,17
Data Scientists,17
Cytotechnologists,17
Crane and Tower Operators,17
"Cooks, Short Order",17
Computer Numerically Controlled Tool Programmers,17
"Coil Winders, Tapers, and Finishers",17
Camera and Photographic Equipment Repairers,17
Animal Trainers,17
Allergists and Immunologists,17
"Agents and Business Managers of Artists, Performers, and Athletes",17
Wind Energy Operations Managers,18
Watch and Clock Repairers,18
Training and Development Managers,18
Timing Device Assemblers and Adjusters,18
Security Guards,18
"Roustabouts, Oil and Gas",18
Police Identification and Records Officers,18
Plasterers and Stucco Masons,18
Parking Attendants,18
"Paper Goods Machine Setters, Operators, and Tenders",18
Orthoptists,18
Nuclear Technicians,18
Non-Destructive Testing Specialists,18
"Model Makers, Wood",18
Mental Health and Substance Abuse Social Workers,18
Medical Appliance Technicians,18
Gem and Diamond Workers,18
Gambling Cage Workers,18
Food Science Technicians,18
Fiberglass Laminators and Fabricators,18
Family Medicine Physicians,18
"Excavating and Loading Machine and Dragline Operators, Surface Mining",18
Epidemiologists,18
Dental Hygienists,18
Curators,18
"Credit Authorizers, Checkers, and Clerks",18
Cost Estimators,18
Concierges,18
Computer and Information Research Scientists,18
Choreographers,18
Calibration Technologists and Technicians,18
Business Intelligence Analysts,18
Brickmasons and Blockmasons,18
Biofuels/Biodiesel Technology and Product Development Managers,18
Bill and Account Collectors,18
Automotive and Watercraft Service Attendants,18
Astronomers,18
Appraisers of Personal and Business Property,18
Aerospace Engineers,18
Transportation Planners,19
"Stone Cutters and Carvers, Manufacturing",19
Social Science Research Assistants,19
"Sales Representatives of Services, Except Advertising, Insurance, Financial Services, and Travel",19
Sales Managers,19
Real Estate Brokers,19
"Pump Operators, Except Wellhead Pumpers",19
Pipelayers,19
Phlebotomists,19
Motorboat Operators,19
Motion Picture Projectionists,19
Medical and Clinical Laboratory Technicians,19
"Interviewers, Except Eligibility and Loan",19
"Human Resources Assistants, Except Payroll and Timekeeping",19
Hospitalists,19
Health Education Specialists,19
"Glass Blowers, Molders, Benders, and Finishers",19
First-Line Supervisors of Personal Service Workers,19
Financial Examiners,19
"Farmworkers, Farm, Ranch, and Aquacultural Animals",19
Civil Engineers,19
"Bus Drivers, Transit and Intercity",19
Blockchain Engineers,19
Baggage Porters and Bellhops,19
"Administrative Law Judges, Adjudicators, and Hearing Officers",19
Acupuncturists,19
Zoologists and Wildlife Biologists,20
Urologists,20
Tutors,20
Travel Guides,20
Sociologists,20
Ship Engineers,20
"Service Unit Operators, Oil and Gas",20
Security and Fire Alarm Systems Installers,20
Rehabilitation Counselors,20
Range Managers,20
Prepress Technicians and Workers,20
Precision Agriculture Technicians,20
Pharmacists,20
"Patternmakers, Metal and Plastic",20
Orthotists and Prosthetists,20
"Milling and Planing Machine Setters, Operators, and Tenders, Metal and Plastic",20
Lighting Technicians,20
Landscape Architects,20
Hydrologic Technicians,20
First-Line Supervisors of Construction Trades and Extraction Workers,20
Fabric and Apparel Patternmakers,20
Desktop Publishers,20
"Derrick Operators, Oil and Gas",20
Dermatologists,20
Correspondence Clerks,20
"Bus Drivers, School",20
Boilermakers,20
Bailiffs,20
Automotive Engineering Technicians,20
Art Directors,20
Agricultural Inspectors,20
Agricultural Engineers,20
Actors,20
Writers and Authors,21
"Weighers, Measurers, Checkers, and Samplers, Recordkeeping",21
"Teaching Assistants, Postsecondary",21
Surgical Technologists,21
"Substitute Teachers, Short-Term",21
Slaughterers and Meat Packers,21
Skincare Specialists,21
Railroad Conductors and Yardmasters,21
Psychiatric Aides,21
"Production, Planning, and Expediting Clerks",21
Paramedics,21
Orderlies,21
"Ophthalmologists, Except Pediatric",21
Obstetricians and Gynecologists,21
Neurodiagnostic Technologists,21
Medical Secretaries and Administrative Assistants,21
Medical Records Specialists,21
Marriage and Family Therapists,21
Manicurists and Pedicurists,21
Loan Interviewers and Clerks,21
Judicial Law Clerks,21
Helpers--Roofers,21
Healthcare Social Workers,21
Geothermal Production Managers,21
Gambling and Sports Book Writers and Runners,21
"Furnace, Kiln, Oven, Drier, and Kettle Operators and Tenders",21
"Forging Machine Setters, Operators, and Tenders, Metal and Plastic",21
Forest and Conservation Workers,21
Financial Quantitative Analysts,21
Fashion Designers,21
Equal Opportunity Representatives and Officers,21
"Drilling and Boring Machine Tool Setters, Operators, and Tenders, Metal and Plastic",21
"Disc Jockeys, Except Radio",21
"Cooks, Fast Food",21
Compliance Officers,21
"Coin, Vending, and Amusement Machine Servicers and Repairers",21
Clinical Neuropsychologists,21
Chemical Plant and System Operators,21
Bartenders,21
Bakers,21
Animal Control Workers,21
Tour Guides and Escorts,22
Tire Builders,22
Social and Community Service Managers,22
School Bus Monitors,22
Retail Loss Prevention Specialists,22
Remote Sensing Scientists and Technologists,22
Receptionists and Information Clerks,22
Project Management Specialists,22
"Physicians, Pathologists",22
Personal Financial Advisors,22
Order Clerks,22
"Opticians, Dispensing",22
Ophthalmic Laboratory Technicians,22
Operations Research Analysts,22
Occupational Therapists,22
Nuclear Engineers,22
Nannies,22
Museum Technicians and Conservators,22
Metal-Refining Furnace Operators and Tenders,22
"Makeup Artists, Theatrical and Performance",22
"Low Vision Therapists, Orientation and Mobility Specialists, and Vision Rehabilitation Therapists",22
Industrial-Organizational Psychologists,22
Hydroelectric Production Managers,22
"Grinding and Polishing Workers, Hand",22
First-Line Supervisors of Production and Operating Workers,22
First-Line Supervisors of Passenger Attendants,22
First-Line Supervisors of Non-Retail Sales Workers,22
Financial Managers,22
File Clerks,22
Fallers,22
"Extruding and Forming Machine Setters, Operators, and Tenders, Synthetic and Glass Fibers",22
"Extruding and Drawing Machine Setters, Operators, and Tenders, Metal and Plastic",22
"Energy Engineers, Except Wind and Solar",22
Emergency Medicine Physicians,22
"Electrical and Electronics Installers and Repairers, Transportation Equipment",22
Editors,22
Dental Assistants,22
Computer Hardware Engineers,22
"Camera Operators, Television, Video, and Film",22
Bridge and Lock Tenders,22
Bioinformatics Technicians,22
Bioinformatics Scientists,22
Barbers,22
Anesthesiologists,22
Anesthesiologist Assistants,22
Aircraft Service Attendants,22
Agricultural Equipment Operators,22
Adapted Physical Education Specialists,22
Validation Engineers,23
Stonemasons,23
Spa Managers,23
Social and Human Service Assistants,23
Radio Frequency Identification Device Specialists,23
Public Safety Telecommunicators,23
Psychiatric Technicians,23
Postal Service Mail Carriers,23
Postal Service Clerks,23
Physical Therapist Aides,23
Penetration Testers,23
"Patternmakers, Wood",23
"Painters, Construction and Maintenance",23
Outdoor Power Equipment and Other Small Engine Mechanics,23
"Orthopedic Surgeons, Except Pediatric",23
Nuclear Power Reactor Operators,23
"Model Makers, Metal and Plastic",23
Manufactured Building and Mobile Home Installers,23
"Maintenance Workers, Machinery",23
Industrial Machinery Mechanics,23
"Helpers--Installation, Maintenance, and Repair Workers",23
Health Information Technologists and Medical Registrars,23
Hazardous Materials Removal Workers,23
Gambling Managers,23
Gambling Dealers,23
Fundraising Managers,23
Foresters,23
Forest and Conservation Technicians,23
"Food and Tobacco Roasting, Baking, and Drying Machine Operators and Tenders",23
"First-Line Supervisors of Entertainment and Recreation Workers, Except Gambling Services",23
Farm Equipment Mechanics and Service Technicians,23
Energy Auditors,23
"Directors, Religious Activities and Education",23
Customs Brokers,23
Counter and Rental Clerks,23
Coroners,23
"Cooks, Institution and Cafeteria",23
Chefs and Head Cooks,23
Automotive Glass Installers and Repairers,23
"Arbitrators, Mediators, and Conciliators",23
Amusement and Recreation Attendants,23
Administrative Services Managers,23
"Wholesale and Retail Buyers, Except Farm Products",24
Tire Repairers and Changers,24
"Tank Car, Truck, and Ship Loaders",24
"Switchboard Operators, Including Answering Service",24
Structural Iron and Steel Workers,24
Shoe Machine Operators and Tenders,24
Sheet Metal Workers,24
Reservation and Transportation Ticket Agents and Travel Clerks,24
Recycling Coordinators,24
"Purchasing Agents, Except Wholesale, Retail, and Farm Products",24
Procurement Clerks,24
Probation Officers and Correctional Treatment Specialists,24
"Pourers and Casters, Metal",24
Pharmacy Technicians,24
Pediatric Surgeons,24
Parts Salespersons,24
Ophthalmic Medical Technicians,24
Occupational Therapy Aides,24
Nuclear Medicine Technologists,24
Naturopathic Physicians,24
Medical and Clinical Laboratory Technologists,24
Logisticians,24
"Judges, Magistrate Judges, and Magistrates",24
Industrial Engineers,24
"Hotel, Motel, and Resort Desk Clerks",24
"Helpers--Pipelayers, Plumbers, Pipefitters, and Steamfitters",24
Gas Plant Operators,24
First-Line Supervisors of Police and Detectives,24
Film and Video Editors,24
Fence Erectors,24
"Entertainment and Recreation Managers, Except Gambling",24
"Electrical and Electronics Repairers, Powerhouse, Substation, and Relay",24
Electrical and Electronic Equipment Assemblers,24
Dental Laboratory Technicians,24
Data Warehousing Specialists,24
"Crushing, Grinding, and Polishing Machine Setters, Operators, and Tenders",24
Credit Counselors,24
Carpet Installers,24
"Career/Technical Education Teachers, Postsecondary",24
Cabinetmakers and Bench Carpenters,24
Biomass Plant Technicians,24
Advanced Practice Psychiatric Nurses,24
Word Processors and Typists,25
Weatherization Installers and Technicians,25
"Textile Knitting and Weaving Machine Setters, Operators, and Tenders",25
Telecommunications Line Installers and Repairers,25
"Tax Examiners and Collectors, and Revenue Agents",25
Software Developers,25
"Rotary Drill Operators, Oil and Gas",25
Recreational Vehicle Service Technicians,25
Paperhangers,25
"Office Machine Operators, Except Computer",25
Occupational Health and Safety Specialists,25
Motorcycle Mechanics,25
"Mixing and Blending Machine Setters, Operators, and Tenders",25
Medical Assistants,25
Media Programming Directors,25
Magnetic Resonance Imaging Technologists,25
"Locker Room, Coatroom, and Dressing Room Attendants",25
"Lathe and Turning Machine Tool Setters, Operators, and Tenders, Metal and Plastic",25
Intelligence Analysts,25
Information Technology Project Managers,25
"Hosts and Hostesses, Restaurant, Lounge, and Coffee Shop",25
Graphic Designers,25
Furniture Finishers,25
Forest Fire Inspectors and Prevention Specialists,25
Forensic Science Technicians,25
Food Cooking Machine Operators and Tenders,25
"First-Line Supervisors of Helpers, Laborers, and Material Movers, Hand",25
"Environmental Scientists and Specialists, Including Health",25
"Environmental Science and Protection Technicians, Including Health",25
"Electrical and Electronics Repairers, Commercial and Industrial Equipment",25
Demonstrators and Product Promoters,25
"Cutters and Trimmers, Hand",25
Costume Attendants,25
"Cooks, Restaurant",25
Computer User Support Specialists,25
Computer Programmers,25
Cleaners of Vehicles and Equipment,25
Business Continuity Planners,25
Biochemists and Biophysicists,25
Baristas,25
"Architects, Except Landscape and Naval",25
Adhesive Bonding Machine Operators and Tenders,25
Water Resource Specialists,26
Veterinarians,26
"Ushers, Lobby Attendants, and Ticket Takers",26
Traffic Technicians,26
Surveyors,26
Solar Thermal Installers and Technicians,26
"Rail Yard Engineers, Dinkey Operators, and Hostlers",26
Purchasing Managers,26
"Pediatricians, General",26
Payroll and Timekeeping Clerks,26
Occupational Health and Safety Technicians,26
Nanotechnology Engineering Technologists and Technicians,26
Molecular and Cellular Biologists,26
Merchandise Displayers and Window Trimmers,26
"Meeting, Convention, and Event Planners",26
Insurance Sales Agents,26
Information Security Engineers,26
Highway Maintenance Workers,26
Helpers--Carpenters,26
Health Informatics Specialists,26
"Grinding, Lapping, Polishing, and Buffing Machine Tool Setters, Operators, and Tenders, Metal and Plastic",26
Genetic Counselors,26
General Internal Medicine Physicians,26
Funeral Attendants,26
Environmental Economists,26
"Electronics Engineers, Except Computer",26
Electricians,26
Document Management Specialists,26
Digital Forensics Analysts,26
Cooling and Freezing Equipment Operators and Tenders,26
Construction and Building Inspectors,26
"Compensation, Benefits, and Job Analysis Specialists",26
Commercial Pilots,26
Coaches and Scouts,26
Clinical Data Managers,26
Broadcast Announcers and Radio Disc Jockeys,26
Air Traffic Controllers,26
Video Game Designers,27
Urban and Regional Planners,27
Training and Development Specialists,27
Tool and Die Makers,27
"Textile Cutting Machine Setters, Operators, and Tenders",27
"Tailors, Dressmakers, and Custom Sewers",27
Statisticians,27
Radiation Therapists,27
Quality Control Analysts,27
Public Relations Managers,27
"Potters, Manufacturing",27
"Petroleum Pump System Operators, Refinery Operators, and Gaugers",27
Petroleum Engineers,27
Parking Enforcement Workers,27
"Morticians, Undertakers, and Funeral Arrangers",27
Medical Equipment Repairers,27
Materials Engineers,27
Marketing Managers,27
Maids and Housekeeping Cleaners,27
Lawyers,27
"Janitors and Cleaners, Except Maids and Housekeeping Cleaners",27
Hydroelectric Plant Technicians,27
"Heat Treating Equipment Setters, Operators, and Tenders, Metal and Plastic",27
Geneticists,27
Fitness and Wellness Coordinators,27
"First-Line Supervisors of Mechanics, Installers, and Repairers",27
First-Line Supervisors of Correctional Officers,27
"Fine Artists, Including Painters, Sculptors, and Illustrators",27
Environmental Restoration Planners,27
"Dentists, General",27
Database Administrators,27
Correctional Officers and Jailers,27
Computer and Information Systems Managers,27
Childcare Workers,27
Chief Sustainability Officers,27
Art Therapists,27
Upholsterers,28
Substance Abuse and Behavioral Disorder Counselors,28
Shuttle Drivers and Chauffeurs,28
"Separating, Filtering, Clarifying, Precipitating, and Still Machine Setters, Operators, and Tenders",28
Security Management Specialists,28
"Rolling Machine Setters, Operators, and Tenders, Metal and Plastic",28
Robotics Technicians,28
Robotics Engineers,28
Rail Car Repairers,28
Photographers,28
"Office Clerks, General",28
Nurse Midwives,28
Nanosystems Engineers,28
Mechanical Door Repairers,28
Labor Relations Specialists,28
Investment Fund Managers,28
Insurance Claims and Policy Processing Clerks,28
Human Factors Engineers and Ergonomists,28
General and Operations Managers,28
Fish and Game Wardens,28
First-Line Supervisors of Housekeeping and Janitorial Workers,28
Elevator and Escalator Installers and Repairers,28
Community Health Workers,28
Cargo and Freight Agents,28
Broadcast Technicians,28
Biofuels Processing Technicians,28
Animal Breeders,28
"Airline Pilots, Copilots, and Flight Engineers",28
Agricultural Technicians,28
Waiters and Waitresses,29
Transportation Security Screeners,29
Transportation Engineers,29
"Tool Grinders, Filers, and Sharpeners",29
Textile Bleaching and Dyeing Machine Operators and Tenders,29
Solar Photovoltaic Installers,29
Septic Tank Servicers and Sewer Pipe Cleaners,29
"Sales Representatives, Wholesale and Manufacturing, Except Technical and Scientific Products",29
Retail Salespersons,29
"Railroad Brake, Signal, and Switch Operators and Locomotive Firers",29
Rail-Track Laying and Maintenance Equipment Operators,29
"Political Science Teachers, Postsecondary",29
"Philosophy and Religion Teachers, Postsecondary",29
Packaging and Filling Machine Operators and Tenders,29
Operating Engineers and Other Construction Equipment Operators,29
Musicians and Singers,29
"Mail Clerks and Mail Machine Operators, Except Postal Service",29
Hydrologists,29
"Health Specialties Teachers, Postsecondary",29
"Fraud Examiners, Investigators and Analysts",29
Flight Attendants,29
First-Line Supervisors of Material-Moving Machine and Vehicle Operators,29
Exercise Trainers and Group Fitness Instructors,29
Exercise Physiologists,29
Electrical Power-Line Installers and Repairers,29
"Education and Childcare Administrators, Preschool and Daycare",29
"Economics Teachers, Postsecondary",29
Dining Room and Cafeteria Attendants and Bartender Helpers,29
Critical Care Nurses,29
Computer Systems Analysts,29
"Communications Teachers, Postsecondary",29
Chemical Equipment Operators and Tenders,29
Biomass Power Plant Managers,29
Biologists,29
Athletic Trainers,29
"Architecture Teachers, Postsecondary",29
Animal Caretakers,29
"Textile Winding, Twisting, and Drawing Out Machine Setters, Operators, and Tenders",30
Structural Metal Fabricators and Fitters,30
Speech-Language Pathologists,30
Set and Exhibit Designers,30
"Recreation and Fitness Studies Teachers, Postsecondary",30
Printing Press Operators,30
Print Binding and Finishing Workers,30
"Physics Teachers, Postsecondary",30
Photonics Technicians,30
"Paving, Surfacing, and Tamping Equipment Operators",30
Neurologists,30
"Mining and Geological Engineers, Including Mining Safety Engineers",30
Mechatronics Engineers,30
Library Technicians,30
Legislators,30
"Law Teachers, Postsecondary",30
Laundry and Dry-Cleaning Workers,30
"Hairdressers, Hairstylists, and Cosmetologists",30
Funeral Home Managers,30
Fundraisers,30
Fuel Cell Engineers,30
First-Line Supervisors of Retail Sales Workers,30
First-Line Supervisors of Food Preparation and Serving Workers,30
Emergency Management Directors,30
Commercial Divers,30
Brownfield Redevelopment Specialists and Site Managers,30
Biostatisticians,30
Automotive Engineers,30
Audiologists,30
Atmospheric and Space Scientists,30
"Area, Ethnic, and Cultural Studies Teachers, Postsecondary",30
Acute Care Nurses,30
Tree Trimmers and Pruners,31
Treasurers and Controllers,31
Surveying and Mapping Technicians,31
Surgical Assistants,31
Soil and Plant Scientists,31
Sales Engineers,31
Roofers,31
Recreation Workers,31
Physical Therapist Assistants,31
Photographic Process Workers and Processing Machine Operators,31
Occupational Therapy Assistants,31
Natural Sciences Managers,31
"Molders, Shapers, and Casters, Except Metal and Plastic",31
Medical and Health Services Managers,31
Manufacturing Engineers,31
Loss Prevention Managers,31
Human Resources Specialists,31
Geothermal Technicians,31
Freight Forwarders,31
First-Line Supervisors of Office and Administrative Support Workers,31
"First-Line Supervisors of Landscaping, Lawn Service, and Groundskeeping Workers",31
"First-Line Supervisors of Farming, Fishing, and Forestry Workers",31
"Farmworkers and Laborers, Crop, Nursery, and Greenhouse",31
"Family and Consumer Sciences Teachers, Postsecondary",31
"Education Teachers, Postsecondary",31
"Criminal Justice and Law Enforcement Teachers, Postsecondary",31
Conveyor Operators and Tenders,31
Compensation and Benefits Managers,31
Architectural and Engineering Managers,31
Airfield Operations Specialists,31
"Agricultural Sciences Teachers, Postsecondary",31
Advertising Sales Agents,31
Water/Wastewater Engineers,32
Semiconductor Processing Technicians,32
Respiratory Therapists,32
Quality Control Systems Managers,32
Music Therapists,32
Loan Officers,32
"Loading and Moving Machine Operators, Underground Mining",32
Licensed Practical and Licensed Vocational Nurses,32
"Geography Teachers, Postsecondary",32
"Foreign Language and Literature Teachers, Postsecondary",32
Food Service Managers,32
Fishing and Hunting Workers,32
Financial and Investment Analysts,32
Executive Secretaries and Executive Administrative Assistants,32
Etchers and Engravers,32
Environmental Engineering Technologists and Technicians,32
Embalmers,32
Electrical Engineers,32
"Computer, Automated Teller, and Office Machine Repairers",32
Computer Network Support Specialists,32
"Child, Family, and School Social Workers",32
Cardiologists,32
"Bookkeeping, Accounting, and Auditing Clerks",32
Audio and Video Technicians,32
Appraisers and Assessors of Real Estate,32
Telecommunications Engineering Specialists,33
"Teaching Assistants, Preschool, Elementary, Middle, and Secondary School, Except Special Education",33
"Social Work Teachers, Postsecondary",33
Sewing Machine Operators,33
"Sawing Machine Setters, Operators, and Tenders, Wood",33
"News Analysts, Reporters, and Journalists",33
Music Directors and Composers,33
"Mobile Heavy Equipment Mechanics, Except Engines",33
Millwrights,33
"Mathematical Science Teachers, Postsecondary",33
Logistics Analysts,33
Landscaping and Groundskeeping Workers,33
Industrial Production Managers,33
"History Teachers, Postsecondary",33
"Health and Safety Engineers, Except Mining Safety Engineers and Inspectors",33
"Geological Technicians, Except Hydrologic Technicians",33
Food Batchmakers,33
"Engineering Teachers, Postsecondary",33
Electrical and Electronics Drafters,33
Cardiovascular Technologists and Technicians,33
"Captains, Mates, and Pilots of Water Vessels",33
"Business Teachers, Postsecondary",33
Bioengineers and Biomedical Engineers,33
"Woodworking Machine Setters, Operators, and Tenders, Except Sawing",34
"Teaching Assistants, Special Education",34
Stockers and Order Fillers,34
Stationary Engineers and Boiler Operators,34
Sports Medicine Physicians,34
"Sociology Teachers, Postsecondary",34
Sailors and Marine Oilers,34
"Property, Real Estate, and Community Association Managers",34
Network and Computer Systems Administrators,34
"Multiple Machine Tool Setters, Operators, and Tenders, Metal and Plastic",34
Logistics Engineers,34
Lodging Managers,34
Instructional Coordinators,34
Helpers--Electricians,34
Heavy and Tractor-Trailer Truck Drivers,34
"Forestry and Conservation Science Teachers, Postsecondary",34
"Environmental Science Teachers, Postsecondary",34
Drywall and Ceiling Tile Installers,34
Construction Managers,34
Conservation Scientists,34
"Computer Science Teachers, Postsecondary",34
Clinical Nurse Specialists,34
"Claims Adjusters, Examiners, and Investigators",34
Billing and Posting Clerks,34
Automotive Body and Related Repairers,34
Shoe and Leather Workers and Repairers,35
Residential Advisors,35
Producers and Directors,35
Photonics Engineers,35
Nurse Practitioners,35
Microsystems Engineers,35
"Library Science Teachers, Postsecondary",35
Financial Risk Specialists,35
"Earth Drillers, Except Oil and Gas",35
Dietitians and Nutritionists,35
Diagnostic Medical Sonographers,35
Database Architects,35
Cytogenetic Technologists,35
"Biological Science Teachers, Postsecondary",35
"Atmospheric, Earth, Marine, and Space Sciences Teachers, Postsecondary",35
"Art, Drama, and Music Teachers, Postsecondary",35
Veterinary Assistants and Laboratory Animal Caretakers,36
"Special Education Teachers, Elementary School",36
Regulatory Affairs Specialists,36
"Pressers, Textile, Garment, and Related Materials",36
Power Plant Operators,36
Physical Therapists,36
Online Merchants,36
Nursing Assistants,36
Mental Health Counselors,36
Librarians and Media Collections Specialists,36
Industrial Engineering Technologists and Technicians,36
Fast Food and Counter Workers,36
Computer Numerically Controlled Tool Operators,36
Clinical and Counseling Psychologists,36
Cashiers,36
"Anthropology and Archeology Teachers, Postsecondary",36
Web Developers,37
Tellers,37
Self-Enrichment Teachers,37
Regulatory Affairs Managers,37
Registered Nurses,37
Real Estate Sales Agents,37
Radiologists,37
"Psychology Teachers, Postsecondary",37
"Nursing Instructors and Teachers, Postsecondary",37
Marine Engineers and Naval Architects,37
"Maintenance and Repair Workers, General",37
Human Resources Managers,37
First-Line Supervisors of Security Workers,37
Firefighters,37
Fire Inspectors and Investigators,37
Environmental Engineers,37
Electro-Mechanical and Mechatronics Technologists and Technicians,37
"Cutting and Slicing Machine Setters, Operators, and Tenders",37
"Court, Municipal, and License Clerks",37
Computer Systems Engineers/Architects,37
Architectural and Civil Drafters,37
Anthropologists and Archeologists,37
"Aircraft Structure, Surfaces, Rigging, and Systems Assemblers",37
Supply Chain Managers,38
"Special Education Teachers, Kindergarten",38
Radiologic Technologists and Technicians,38
"Plumbers, Pipefitters, and Steamfitters",38
Mechanical Engineering Technologists and Technicians,38
Machinists,38
Industrial Ecologists,38
Helpers--Production Workers,38
"Explosives Workers, Ordnance Handling Experts, and Blasters",38
"Electric Motor, Power Tool, and Related Repairers",38
"Coating, Painting, and Spraying Machine Setters, Operators, and Tenders",38
Bus and Truck Mechanics and Diesel Engine Specialists,38
"Securities, Commodities, and Financial Services Sales Agents",39
"Sales Representatives, Wholesale and Manufacturing, Technical and Scientific Products",39
Ophthalmic Medical Technologists,39
Mechanical Engineers,39
"Inspectors, Testers, Sorters, Samplers, and Weighers",39
Home Appliance Repairers,39
Glaziers,39
"Geoscientists, Except Hydrologists and Geographers",39
"Extruding, Forming, Pressing, and Compacting Machine Setters, Operators, and Tenders",39
Detectives and Criminal Investigators,39
Construction Laborers,39
Clinical Research Coordinators,39
Cement Masons and Concrete Finishers,39
Advertising and Promotions Managers,39
Tile and Stone Setters,40
Terrazzo Workers and Finishers,40
Nurse Anesthetists,40
Musical Instrument Repairers and Tuners,40
"Heating, Air Conditioning, and Refrigeration Mechanics and Installers",40
Geographic Information Systems Technologists and Technicians,40
Food Preparation Workers,40
First-Line Supervisors of Gambling Services Workers,40
"Control and Valve Installers and Repairers, Except Mechanical Door",40
Compliance Managers,40
"Chemistry Teachers, Postsecondary",40
Carpenters,40
Accountants and Auditors,40
Veterinary Technologists and Technicians,41
Software Quality Assurance Analysts and Testers,41
"Radio, Cellular, and Tower Equipment Installers and Repairers",41
Police and Sheriff's Patrol Officers,41
"Plating Machine Setters, Operators, and Tenders, Metal and Plastic",41
Jewelers and Precious Stone and Metal Workers,41
Electrical and Electronic Engineering Technologists and Technicians,41
"Education Administrators, Postsecondary",41
"Career/Technical Education Teachers, Middle School",41
"Welders, Cutters, Solderers, and Brazers",42
"Transportation, Storage, and Distribution Managers",42
Security Managers,42
"Secondary School Teachers, Except Special and Career/Technical Education",42
"Preschool Teachers, Except Special Education",42
"Library Assistants, Clerical",42
Environmental Compliance Inspectors,42
Chief Executives,42
"Welding, Soldering, and Brazing Machine Setters, Operators, and Tenders",43
"Special Education Teachers, Preschool",43
"Secretaries and Administrative Assistants, Except Legal, Medical, and Executive",43
Computer Network Architects,43
"Career/Technical Education Teachers, Secondary School",43
Web and Digital Interface Designers,44
"Telecommunications Equipment Installers and Repairers, Except Line Installers",44
Search Marketing Strategists,44
"Farmers, Ranchers, and Other Agricultural Managers",44
"Cutting, Punching, and Press Machine Setters, Operators, and Tenders, Metal and Plastic",44
"Adult Basic Education, Adult Secondary Education, and English as a Second Language Instructors",44
Midwives,45
"Educational, Guidance, and Career Counselors and Advisors",45
"Middle School Teachers, Except Special and Career/Technical Education",46
Medical Dosimetrists,46
Automotive Service Technicians and Mechanics,46
"Molding, Coremaking, and Casting Machine Setters, Operators, and Tenders, Metal and Plastic",47
"English Language and Literature Teachers, Postsecondary",47
Web Administrators,48
First-Line Supervisors of Firefighting and Prevention Workers,48
"Elementary School Teachers, Except Special Education",48
"Kindergarten Teachers, Except Special Education",50
"Education Administrators, Kindergarten through Secondary",50
"Special Education Teachers, Secondary School",51
Aircraft Mechanics and Service Technicians,51
"Special Education Teachers, Middle School",54
